{
  "total": 26,
  "passed": 26,
  "failed": 0,
  "skipped": 0,
  "pass_rate": 100.0,
  "duration": 0.6724259853363037,
  "errors": [],
  "timings": {
    "Health Endpoint": 0.06691741943359375,
    "Status Endpoint": 0.08345627784729004,
    "Services Listing": 0.020798444747924805,
    "Get Specific Service": 0.026891231536865234,
    "Get Nonexistent Service": 0.022087574005126953,
    "Agents Listing": 0.019574880599975586,
    "Get Specific Agent": 0.027864933013916016,
    "Get Nonexistent Agent": 0.023774385452270508,
    "Update Agent Status": 0.020040273666381836,
    "Route Message to Service": 0.027568578720092773,
    "Route Message to Agent": 0.03740286827087402,
    "Route Invalid Target": 0.020976781845092773,
    "Submit Task with Agent": 0.023495912551879883,
    "Submit Task Auto-Select": 0.020834922790527344,
    "Submit Invalid Task": 0.020186901092529297,
    "WebSocket Connection": 0.01925492286682129,
    "WebSocket Broadcast": 0.0053653717041015625,
    "WebSocket Direct Message": 0.006295442581176758,
    "Prometheus Metrics": 0.021932363510131836,
    "JSON Metrics": 0.019687175750732422,
    "Concurrent Health Checks": 0.030856609344482422,
    "Concurrent Agent Queries": 0.026508808135986328,
    "Invalid JSON": 0.019980192184448242,
    "Missing Required Fields": 0.01983475685119629,
    "Response Time Health": 0.020291566848754883,
    "Response Time Services": 0.02054738998413086
  }
}