{
  "total": 26,
  "passed": 26,
  "failed": 0,
  "skipped": 0,
  "pass_rate": 100.0,
  "duration": 0.8676364421844482,
  "errors": [],
  "timings": {
    "Health Endpoint": 0.08145666122436523,
    "Status Endpoint": 0.14951872825622559,
    "Services Listing": 0.020944833755493164,
    "Get Specific Service": 0.03775787353515625,
    "Get Nonexistent Service": 0.021646976470947266,
    "Agents Listing": 0.020491838455200195,
    "Get Specific Agent": 0.026105880737304688,
    "Get Nonexistent Agent": 0.02538609504699707,
    "Update Agent Status": 0.022964000701904297,
    "Route Message to Service": 0.03110194206237793,
    "Route Message to Agent": 0.0357515811920166,
    "Route Invalid Target": 0.026680707931518555,
    "Submit Task with Agent": 0.07146620750427246,
    "Submit Task Auto-Select": 0.026769399642944336,
    "Submit Invalid Task": 0.020888090133666992,
    "WebSocket Connection": 0.03235960006713867,
    "WebSocket Broadcast": 0.0074253082275390625,
    "WebSocket Direct Message": 0.010575532913208008,
    "Prometheus Metrics": 0.02677631378173828,
    "JSON Metrics": 0.020656585693359375,
    "Concurrent Health Checks": 0.03186178207397461,
    "Concurrent Agent Queries": 0.02999281883239746,
    "Invalid JSON": 0.023844480514526367,
    "Missing Required Fields": 0.021939516067504883,
    "Response Time Health": 0.020910978317260742,
    "Response Time Services": 0.022362709045410156
  }
}